,regulon
0,"[GEM,EGR1,FOS,TNFAIP6,DUSP1,JUNB,NPAS4,RELB,NR4A1,BTG2,MYO1E,LMCD1,ABCB1,NR4A2,ENPEP,PTGS2,ISG15,FGL2,ATF3,PLA2G4A,SLC2A3,NFATC1,EYA4,ELMO1,ELOVL5,FOSL2,ST8SIA4,NAMPT,ABCG2,GADD45G,RGCC,ELL2,NEDD9,ATP10A,MAFF,S100A8,PHLDB2,C1orf198,WDR49,C11orf96,RASL12,SHC4,LIPG,PRRG4,FERMT3,ZNF331,NDUFB7,JUN,SERPINE1,ITPRIP,C1QA,NPTX2,KLF6,FGD6,HIST1H4E,SMAD6,RAB13,RAB20,PTGS1,HPN-AS1,MAML3,GPCPD1,TRIB1,OSGIN1,ADAMTS1,RIPK2,LDLR,YBX3,RYR3,LPAR5,TCF7L2,SMIM5,PLS3,DUSP6,SOX21,ZNF516,LIMK2,PRDM1,MAGT1,TMEM256,THBS2,RHBDF2,CD63,ARHGAP24,HAGLR,HMGCR,CHI3L1,BCL6,GLA,ETV1,APOC2,ASCL1,RGS12,NR4A3,MRC1,LRRC8C,NUMB,F3,IGFBP6,RPS19,TACR3,KLF4,HSPA6]"
1,"[CLU,CNDP2,CEBPA,MOB3C,SEMA4C,EFNA1,TNFRSF1A,PSTPIP1,RAB3IL1]"
2,"[HES5,DHCR24,SPARC,SLC39A1,ARHGAP4,PAQR4,PSRC1,TMEM151A,WFS1,DUSP7,SOX8,SLC48A1,EPOR,DDIT4,MAP6D1,ARRDC2,CTSB,C19orf54,CNDP2,SLC35B2,PLEKHF1,CD33,BHLHE41,ZBTB7B,SLC6A8,CDC42EP2,PRKCD,ADORA3,TMSB4X,CLEC9A,CTSZ,CXCL12,IGFBP6,IRF5,ST14,LZTS2,IER3,ZNF524,FLNC,TAX1BP3,IGFBP3,MSMO1,RGS19,JOSD2,PAQR8,H3F3B,CEBPB,ZNF488,CD83,CEBPA,TLL2,SEMA3F,ENC1,HLA-DRB1,SLC2A1,AMOTL2,RHOB,PHLDA3,CD68,NDUFS7,EFNA1,CADM4,CD151,FXYD1,FANCE,HLA-A,GPIHBP1,EHBP1L1,MAN2A2,ISLR,GAL3ST4,CD81,CFL2,ADGRG1,RPS24,SLC38A2,NEU4,NDP,ID2,IKZF1,SC5D,ITPRIPL2,FRZB,PDGFB,GSDMD,DHCR7,FGD2,CNP,ISG15,PPIB,IGFBP5,GPR17,IPO13,GM2A,SLC9A3R2,GADD45B,SLC25A48,ANKRD65,LINC00499,ALDH16A1,HDAC11,RNF166,GNAI2,LARP6,ADAMTS8,TPT1,RPL22L1,NGFR,FOSL2,CEP72,TIE1,ABCA2,INF2,FAM107A,CORO1A,ADAMTS1,EGFL7,BTBD3,RPS7,SYT17]"
3,"[JUN,RHOB,DDIT4,BTN2A2,HLA-DQB1,PIM1,SERTAD4-AS1,RPS14,RPL8,SLC38A2,GPR85,CDK2AP2,XBP1,SLC26A3,ZNF524,CD59,SERTAD1,CRNDE,HLA-DQA1,CXCL12,VEGFA,G0S2,RPL32,CDC42EP2,ANKRD37,SLC48A1,SERF2,CEBPA,IGFBP6,HSP90AA1,HSPA5,TMEM251,KLRK1,ID2,SLC12A7,BMP2,ENC1,VEZF1,PRR34-AS1,CFL2,AMER2,CARD9,SLC9A3R2,CDKN1A,RPL38,DUSP7,C19orf81,ARHGAP4,DUSP23,HES5,KYNU,DOHH,FSCN1,RNF166,PTMA,PDLIM4,RPL10,PPM1M,LGI3,HLA-DPB1,SLC10A1,FABP7,SPARC,REEP4,PDGFB,ADGRG1,CEBPB,SLC6A8,GATM,TEX14,RPL18A,BDH2,KCNJ2,HES6,ITGBL1,SFTPC,CERS2,ATF5,MT1X,RPL34,NFKBIA,RPL26,FAM111A,KCTD4,RPS16,CYTL1,LINC01159,TBX6,HPSE,FOSL2,MITF,INHBB,SERPINE2,JUP,RPS12]"
4,"[ITGA10,MGAM,NFKBIA,CD14,IGFBP4,DDIT4,CEBPB,CA8,ATOH8,SFTPC,AKAP3,PERP,TLR1,WFS1,IFIT2,SHROOM1,SMIM3,SLC12A7,C2orf88,TFEC,G0S2,HSP90AA1,BHLHE41,SERTAD4-AS1,CCK,NINJ1,HIST1H2BD,REEP4,MOB3C,TSHR,IGFBP5,ADAMTS8,EMILIN1,STEAP3,GSTM2,HES6,TAGLN2,PHF19,WSCD1,RUNX1,RPL10,IER3,RPL17,CXCR4,EFNA1,EBI3,SHISA8,SH3BP4,ARF4-AS1,RPL26,STOM,SLC22A3,EMC10,MGP,DHRS9,SHROOM4,TNFAIP3,RPL29,COL8A1,SLC6A12,B2M,JAG1]"
5,"[RHOC,NPY,GFAP,NKX2-2,SHISA8,KDR,TAC1,GAD1,VWA1,APLN,ROR1-AS1,ARHGEF40,DLX1,WIF1,MRVI1,PTGDS,C1QL1,SLC6A1,HTRA1,NKX6-2,NPSR1-AS1]"
6,"[ZFP36,IFITM3,SLC1A3,NDRG2,SLCO1C1,ACBD7,SALL1,S100A16,GJB6,GLUL,EMX2OS,FGL1,HLA-DRA,HHEX,MT1H,TNFSF13,ID1,F3,EMP1,PON2,CCL2,S100B,PTGDS,MEPE,ETNPPL,RTKN,FCGR3A,TMEM176B,EZR,PMP2,APCDD1,LGALS3,MLC1,AQP4,GAD2,GFAP,SPP1,MT1E,EVI2A,IGFBP7,NKX6-2,ZIC2,XAF1,SOX2,RAB13,SDC4,SOD3,EMX2,SLC38A3,MAF,PLEKHB1,SLC7A2,SOCS3,CXCR4,CST3,OPLAH,FCGR1B,ACSS1,CLEC7A,GJA1,ACSBG1,FAM111A,FGFR3,MAL,ID3,ZFP36L1,ALDH1L1,ZIC5,SLC6A1,PIEZO1,TSPO,PLPP3,LYL1,TMEM123,CD14,SKAP1,MT1X,NACC2,FLI1,HES1,FCGR1A,ICOSLG,ENTPD2,PAX6,HMX1,COL1A2,SLCO1A2,EFNA1,FAM189A2]"
7,"[CLIC1,SH2D6,IRF5,PLK3,PDGFB,SMOC2,ERF,SERPINA1]"
8,"[ITGA8,ELFN1,ADAMTS12,SPATA22,CCDC80,NXPH2,SPON1,KCNIP1,PDE9A,CARD11,CHRM2,ANXA1,NPSR1,LMNTD1,CHN2,LHFPL3-AS1,SEMA3E,LINC01416,PCOLCE,ERG,LPIN3]"
9,"[CCK,BCL6,SLC35B2,IER2,BSG,FOSL2,SLC2A3,MYL12A,RRAS,NOTCH4,IFIT2,SSNA1,LAMP1,GRN,TMEM229A,MFGE8,SPRED1,RPLP0,NINJ1,SKIL,CNP,CNDP2,VEGFA,NAMPT,HES5,SERF2,GSTP1,SLC39A1,MGP,IDI1,ANKRD37,NENF,POLD4,CASKIN2,RPS15,REEP4,MARCKSL1,ETV1,FIS1,SFR1,ITM2A,TNFAIP6,RPLP2,LMO2,FMNL1,TUBA1A,PRDX1,TFRC,MCM7,CD59,ATP1B3,SDF2L1,ETS2,ATOX1,EHBP1L1,RAB33A,B3GNT9,S100A6,RPS11,MYLIP,GNA15,SPRY4,PPP1R3C,CD81,CEBPB,ARSI,RPL22L1,HYAL2,PYCR2,TMEM51,PSME1,IGFBP2,C5AR1,NDUFS7,ASCL1,CDK2AP2,ADAMTS1,RASL12,SCD,NR4A2,HSP90AA1,C4orf48,FGF20,COL9A3,RASSF2,APOD,ARHGAP4,LTC4S,RPS27,COL5A2,NPAS4,EYA4,RIPK2,RPL17,RPS16,EMC10,RPS3A,RPS19,ATP1B2,TPD52L1,C1orf61,SMIM3,LIPG,PROX1-AS1,HLA-B,CXCR4,CLN8,FSCN1,ATF5,IGFBP6,DUSP1,EPOR,RAB3C,SERTAD3,TMCC3,ELMO1,HSPB8,HES4,CLEC5A,GABRG1,PHYHD1,FXYD1,WNT5A,NEU4,MAP7D3,JOSD2,CD44,LEF1,MYO1C,ERF,RPS9,MFNG,GPX2,SH3RF1,LYPD6,FABP7,TPT1,SORL1,CD40,RPL8,LRP5,GRAMD1A,CASP1,ZNF331,IL1B,CCND1,ESAM,ANOS1,EGR1,TMEM255B,TMEM173,LZTS2,NXPH1,ISLR,TBX19,ENPEP,SH3TC2,FGF13,BTBD3,BVES-AS1,ETFB,GPD1,JAK3,ARHGDIB,BVES,VOPP1,CREM,PDE4B,ATF3,MT3,GREM1,CARD11,BIN1,NFKBIA,TIAF1,NETO1,PBXIP1,C1R,ARHGEF2,FMO2,AQP4,FKBP5,RNF19A,GRM8,GRIK1,XYLT1,SORCS3,HOMER1,FHL3,MX1,CD63,DTD2,FOXN2,NR4A3,ACSL1,PFKFB3,TRPS1,TMEM164,ABR,MFSD2A,SREBF2,BAG3]"
10,"[FMNL3,AMPD3,IKBIP,OTUD7B,KCNQ3]"
11,"[ATF3,LMCD1,DUSP1,PLA2G4A,TNFAIP6,NR4A1,JUNB,CHI3L1,ENPEP,DUSP6,PTGS2,COL6A2,NR4A2,GEM,ABCG2,NR4A3,NFATC1,OLR1,GADD45G,NPTX2,FOS,ENPP1,LMO2,ELOVL5,LIPG,EGR1,KLF2,TRIB1,PLXNB1,BTG2,HOMER1,NPAS4,PRICKLE3,SMOC2,MAML3,GAREM2,RELB,PTGS1,HIST1H2BG,PRDM1,SLC45A3,MYO1E,UCP2,ITPRIP,RASL12,SERPINE1,THBS2,ADAMTS1,HMGCS1,HIST1H4E,APLNR,IFI30,RPS9,FAM111A,CALCB,NEDD9,RNASE1,FOSL2,MAFF,ZNF331,ANKRD37,RND3,ATP1B3,IRF7,C11orf96,PDLIM3,TIPARP,SPP1,CRHBP,MIDN,APOC1,LDLR,NFATC2,BTG3,SPRED1,HEG1,CDKN1A,ST8SIA4,KMO,ZIC5,PLS3,TARID,CD14,RIPK2,ACTA2,SLC1A2,TFRC,BDKRB2,SLC6A12,MSC-AS1,SORCS3,HES4,PDE10A,CD63,S100A13,COL9A3,ZNF267,ETV5,SHROOM3,ADAM19,TMEM63A,CALD1,LRRC8C,RGS12,RDH10,BVES,RAB33A,IER2,TACR3,CREM,GNA15,H3F3B,BAG3,RNF122,TNC,HSPA6]"
12,"[DHRS3,NR4A1,BTBD3,ARRDC2,BCL6,ENC1,MYO1E,FOS,CPE,ELL2,DUSP1,CASKIN2,SC5D,TNFAIP2,INSIG1,SLC2A3,KLF2,ST14,TPD52L1,ATP1B3,RELB,CEBPA,SMC4,LINC01480,CEBPB,HMGCS1,AHCYL1,MSMO1,AMD1,PARD3,ZNF331,FOSL2,AMER2,ID2,LDLR,EYA4,PDLIM3,CD59,EPHX1,SLC7A1,LAMP1,CLDND1,PHLDB2,DOHH,PAQR8,EGFL7,KLRC3,NOX4,PSME1,IGFBP3,PLEKHA2,MAFF,SLC9A3R2,PTMA,HAS2-AS1,NMU,CDKN1A]"
13,"[EPHA6,CD58,SLC30A10,FGFR2,MAML2,HNF4G,ZNF618,ST14]"
14,"[PALMD,SLA,IL33,PROX1,SH3BP4,NR2F2,NR2F2-AS1,ST8SIA4,ALDH1A1,TYMS,LRIG3,LINC01416,MAPKAPK3,TOX3,GREB1L,ITPKB,TG,SLFN12,DOCK10,SLC9A2,ESR1,ARHGAP6,VWC2L,FGL1,CFLAR-AS1,MEPE,SLC7A2,KCNK13,NKAIN3,SPATA13,CMKLR1,LILRB1,TMEM45A,ABI3BP,PARD3,KCTD4,KCNH8,IFI16,CASP4,SLFN11,PLSCR4,LLGL2,EGFR,GPR149,ADGRD1,TBL1X,FSHR,FOXO1,TMEM119,FABP7,HDAC1,SLC1A5,PAX6,COBLL1,OVCH1-AS1,TBX19,LHCGR,FREM2,ELN,NPSR1,CYTIP,PTGS1,IL1RL1]"
15,"[IL1RAPL2,COBLL1,WLS,GABRG1,PCDH11Y,UST,ARHGAP24,PELI2,TRPC3,PLSCR4,VANGL2,FOXO1,CDKN2A,PTGS1,BOK-AS1]"
16,"[LGALS3,CD93,SRPX2,NECTIN2,SALL3,SLC6A1-AS1,C22orf34,NPY,UCP2,TFCP2L1,SALL1,IQGAP2]"
17,"[NINJ1,CEBPD,RPL22L1,NT5C,RARRES2,HPSE]"
18,"[LINC00601,NLRC5,HEY2,SLC25A48]"
19,"[HLA-DMB,IKZF1,DDO,EBI3,CLECL1,PIK3R5,FRMD4B,HBA2,LILRB4,TMEM235,CLEC1A,RASAL3,NDNF]"
20,"[FOXC1,HHEX,BGN,GSDMD,COLEC12,AGT,S100A8,ZIC4,EZR,DDR1,SOX2,LRP10,BTNL9,CLDN10,EMX2,PON3,AHNAK,GAREM2,SALL3,CST3,EBF1,RAB34,TINAGL1,OPLAH,CGNL1,TMC6,ZFP36,GYPC,GRIN2C,SLC1A3,TBX18,SOCS3,TMEM176B,ASIC4,MAF,ID3,SLC2A10,TMEM123,ALDH1L1-AS2,S100A11,ZFP36L1,DNAJC22,PLEKHB1,TUBB2B,SH3BP2]"
21,"[MOB3C,ANKRD22,SLFN12,S1PR3,SLC6A12,RRAS,COL16A1,PSD2,FLNA,PPP1R3B,BCL3,MRC1,WSCD1,SLC48A1,PXN,ITPRIPL2,CD151,GIMAP4,SAMD9L,PCDH15]"
22,"[RAB7B,MCL1,IGFBP4,SERPINE2,NLRP1,TNFRSF1A,SLC7A5,ID2,GADD45B,CEBPB,MOB3C,PDLIM4,SPARC,IGFBP6,CLU,ABTB2,PLA2G5,AMD1,NES,HSPA5,C4orf48,BCL3,LURAP1L-AS1,ACVR1C,SLC6A8,LINC00877,RHOB,C11orf96,PHF21B,HSP90AA1,RPL8,PPIB,HMG20B,CD63,DUSP7,HBA2,CD14,FOSL2,ARHGAP42,RDH10,RPS19,PSAT1,SERPINE1,ANLN,ETS2,H3F3B,TPT1,ABCB1,HBA1,ZC3HAV1,WFS1,PTOV1-AS1,CDKN1A,PSME1,RGS3,NFKBIA,HLA-DPB1,ITGA1,HEG1,BAG3,LMNA,BMP2,STMN4,TRIM47,HSPA6,EZH2,TESC-AS1,PRKCD,MIDN,CA12,DDIT4,SLC2A3,TGFBI,HERPUD1,CDC42EP2,SEMA3C,DNAJB1,ABCB4,EPOR,TACR3,SOCS3,PTMA,KLF4,SLC9A3R2,NOTCH1,NDE1,ARHGDIB,PDGFB,JAG1,RNF122,ZNF124,PRTG,SH3BP2,IFI30,PCDH12,HLA-DPA1,ITGB4,FAM107A,NUDT1,HSPB8,CHD7,BDH2,TSACC,GNG12,SDCBP,RAB3IP,FZD9,ARID5A,GHR,BTG3,HLA-DQB1,FABP7,IGFBP5,GADD45G,PRELP,C12orf42,HIP1,PTP4A2,TRPM1,SLC26A3,EFNA1,MUSTN1,EGFL7,THBS2,ANKRD22,MYLIP,IRF8,ENHO,BCL6,CCND1,ADCY7,VEGFA,RPS16,LINC01422,DOHH,FLNC,FSCN1,LMOD1,ORAI1,RPS14,NDST4,MARCKSL1,SHISA8,SPSB1,ANXA1,CPA6,HTATIP2,TEAD3,GIMAP4,RPS8,SCEL,CTNNA3,SFTPC,CASP1,BMP8B,HLA-B,LINC01010,ITGAX,FANCE,TNFRSF10B,ABCC2,RPLP1,ADGRL4,CYBRD1,NFATC2,RBM47,RPS5,ZFP36,TMEM51,MRO,RPL26,CCDC15,TSPO,CLDN5,GPSM3,DNAJC22,GAS2L3,RPL17,CLDND1,RFX3-AS1,SMIM6,LINC00463,NMUR2,ATF5,HTRA1,SAMD3,PIK3CG,RNF152,APCDD1,RGS1,BTBD3,COL14A1,RNF43,C1orf61,IRF5,VRK2,LINC00609,LILRB3,CYTL1,B3GNT9,SH3TC1,ZNF208,SHB,PLEKHA2,LTBP2,MAGEC3,RASAL1,DGKD,EIF4EBP1,S100A10,MYL9,SMOC1,EMILIN1,SLC25A35,PHF19,HYAL2,ITGA7,PROX1-AS1,ZNF267,ERMAP,SC5D,OTOF,C21orf91-OT1,PRDM16,CHN2,RPL32,NDRG1,KANK2,MIR34AHG,LPL,FAM78A,SLC25A45,CREB3L2,SLC4A7,SPATC1,HAMP,SLC3A2,CD163L1,C1QTNF7,NFATC1,C19orf81,LGI1,LINC00870,CREM,GULP1,CALN1,SGK1,LZTS2,AIF1,MAF,MAP6D1,CFL2,SGCZ,FXYD1,DCHS2,ARRDC3-AS1,TRPC3,PLAT,ALOX12,ST3GAL6-AS1,CNTN2,IL6ST,PPP1R18,CASP8,MGAT1,S100A6,ELOVL7,PERP,KANK4,FKBP5,BCAR3,SLC7A14,TSC22D4,AHCYL1,SLC7A11,MFGE8,BTBD11,COL21A1,FILIP1L,SAMD4A,APOE,TIPARP,LINC00907,LARP6,ASPH,DLC1,JOSD2,KCNQ1OT1,KLHL5,DBNDD2,GALNT13,INF2,RAB13,RPL9,ATF3,STK4,PRKG1,CTTNBP2NL,LMCD1,TBC1D22A,RAPGEF1,LDLRAD4]"
23,"[NR4A1,LMCD1,DUSP6,EGR1,FOS,ATF3,NR4A3,EHD2,MYO1E,ETV5,DUSP1,ID2,HOMER1,ERF,PLA2G4A,SPRY4,IER2,PDLIM3,OLR1,SERTAD1,COL6A2,CDKN1C,SLC2A3,ID4,GNA15,NPAS4,KLF2,ADAMTS1,NEDD9,TMEM151A,EGFL7,RELB,BTG2,GADD45B,CHI3L1,JUNB,PIM3,ARHGDIB,ENPEP,IGFBP2,H3F3B,TNFAIP6,C11orf96,FOSL2,ASCL1,S100A10,GEM,ELOVL5,ZNF331,CADM4,PRICKLE3,FSCN1,CDKN1A,CXCR4,SLC45A3,MAFF,JUN,RASSF2,TCF7L2,NAMPT,SHC4,SMOC2,MAML3,NR4A2,PTMA,IFI30,ARID5A,PHLDB2,GLA,NES,EHD4,DUSP7,ETV1,IGFBP6,INF2,ELL2,PDK4,PACSIN3,LGALS1,TRIB1,LZTS2,PRDM1,HAGLR,NACAD,NFATC1,GADD45G,LDLR,KLF6,GPX3,RCN3,CEBPA,MSC-AS1,KCNAB1,SERTAD4-AS1,TMEM176B,UCP2,LINC01480,TMC8,VWA1,RNF220,C4orf48,NUDT1,RPS9,ZNF267,PDE10A,AGBL1,SETD9,FHOD1,NDUFB7,INSIG1,AMOTL2,ANKRD37,CENPN,RGCC,EFS,ZBTB7B,CALCB,VSX1,OSGIN1,PTGS1,ARRB2,ZNF516,TRADD,MARCKSL1,BCL6,RASSF1,SOX8,BTG3,BOK,NCOA3,CEBPB,S100A8,WFS1,CDC42EP2,TRIM47,SUN2,ST8SIA4,MLC1,CCND1,RPL8,RDH10,PTGDS,SKIL,TMEM256,SYNJ2,CD81,COBLL1,PSD2,RCBTB2,RPS27,ELMO1,RNF166,RALGDS,VOPP1,NINJ1,RNF19A,SSNA1,SERPINE1,DPP10,HSPA6]"
24,"[SOX13,PMP22,MOBP,RASSF2,SHISA8,NHLH2,LCN12,TMEM255A,ITGB5,PTN,RHOG,CNDP1,RHOU,SEMA3B,B3GNT7,PDGFRA,GPR62,ATP1A2,OSGIN1,KAT2B,TSPAN4,MYRF,FLT3LG,VASP,EMP3,LAMB2,CSPG4,MMRN2]"
25,"[NAMPT,FGD3,CPE,EGFL7,SPRED1,ZNF281,BIN1,ZNF804B,MET,ATF5,BCL6,GPX3,UGCG,SYT17,LARP6,LZTS2,FBXO7,RND3,GPD1,SPARC,PRDX1,ADAMTS9,BSG,ADAMTS1,SDCBP,AHCYL1,GPD2,TIPARP,ERF,NPTX2,FHL3,NINJ1,IPO13,FIGN,SLC2A3,ADGRG1,BCL3,ASCL1,NR4A2,GLCE,PLOD2,GNAI2,CD82,DMRT2,LPGAT1,SKIL,TLE1,B3GNT9,TRIL,HIF1A,PLS3,ZBTB7B,FAM149A,CHD7,SLC1A2,SH3RF1,PDE4B,NFKBIZ,FAM126A,PAQR8,AMOTL2,PHLDB2,ZNF516,CECR2,PPP1R3C,SPRY4,RASSF3,DUSP6,BTG3,NETO1,ATP1B3,ITGA1,ARHGAP12,VEZF1,ATP8B1,IVNS1ABP,GREM1,MPP5,PTP4A2,TMEM256,LRRC8C,TRPS1,SLC16A1,FAM13C,ARHGAP29,HDAC9,GOLIM4,SIGIRR,GPCPD1,TRAM1L1,ATF3,ITM2A,COL19A1,SPHKAP,HMGCS1,EDN1,ZNF467,C1orf61,ADGRG6,PRRG4,RASGEF1B,ELOVL7,FAT1,GSAP,SMOC2,EZH2,TMCC2,PCED1B,MCAM,ANLN,BVES,KLF3,LILRA2,PIM1,RCBTB1,MGAT4A,ID4,EPS8,PDE10A,RNF220,LINC00863,HOMER1,RNF182,RNASEH2B-AS1,SLC22A3,MAML3,ZNF367,GRID2,CRYBG3,BAZ1A,HACD1,PRKY,CDKN2A,ZNF804A,IL6ST,DACH1,PDK4,SGMS2,MAN2A1,SCIN,SEMA5A,CRIM1,ATP10A,GATM,PLAG1,PSMA1,RAP1B,BCL11B,SYPL1,RNF152,GULP1,DSEL,PPARA,NFYA,KCNMB4,ENC1,SEMA3C,MIR155HG,PIEZO2,ITGB8,TMTC4,USP44,DSC2,SLC7A14,RAB3IP,NPNT,BCL2,CMTM8,BTBD3,PLD5,EDNRA,NFYC-AS1,FKBP5,GJA1,PTCH1,FERMT2,SVIL,KCNJ10,ROBO2,NRP1,CBLN2,KLHL5,CNTN5,RNF19A,ZEB2,PDLIM5,SORCS3,FOXN2,PBX3,RORB,SFMBT2,SLC44A5,NR4A3,VIM,NDRG2,SLC38A2,SRCIN1,NTNG1,C12orf42,NCK2,PRKG1,TTLL7,KCNC2,LINGO2,EPN2,STAT3,BRINP3,CDYL,ZNRF2,ZBTB37]"
26,"[DLX1,HOMER3,SOX2,GFAP,OLIG2,S100A16,TMEM176B,FCGR3A,NPY,TSC22D4,MT1E,GNG11,TM4SF18,GAD2,COL9A2,TAC1,EMX2OS,EZR,FBLN1,FGFR3,TUBB2B,EGFR,CST3,ZIC2,PVALB,TRIP6,NKX2-2,VIM,MAG,AIF1L,ALDH1L1-AS2,GJB6,ENTPD2,C1QL1,CA2,SRGN,RAB34,TSPO,ERMN,PI16,RAB13,APLNR,ACSS1,TMEM125,YAP1,SIGLEC9,CLDN11,PLEKHB1,TTYH2,FGD2,ADPGK-AS1,S100A9,DDR1,C3,NKX6-2,DCN,MAF,SLC45A3,CMTM5,SLC38A3,SLC6A1,TXNIP,CXCR4,IFITM3,DLX6-AS1,FCGR2A,RTKN,RHOC,LILRB1,CDC42EP1,AEBP1,SLC1A3,TNNT1,APOE,CSRP1,ALDH1L1,ARHGEF40,SALL1,ZFP36L2,PLP1,ZIC5,GLUL,FCGR1A,SFRP1,EMX2,COL1A2,CX3CR1,APLN,ADIRF,FCER1G,AXL,AHNAK,CLEC7A,HHEX,GPNMB,SEMA3B,HIF3A,LST1,AQP4,LAMB2,PRR18,CHST6,COPZ2,RARRES2,EPCAM,MRVI1,ICOSLG,NDRG2,CCDC80,SYT6,KCNH8,SLC25A48,MYL9,SOX21-AS1,S1PR1,GIMAP2,ZIC1,GPRC5C,LRIG3,AIF1,GPIHBP1,LYPD6,LRP10,ATP6V0D2,FGF11,NXPH1,APOC1,SH3BP2,PTGDS,GAREM2,APOC2,KCNJ10,INHBB,ZFP36,PLPP3,ATP1A2,TMIGD3,ENPP2,EBF1,STAT5A,ZNF536,BCL3,BST1,LATS2,WIF1,NACC2,FAM111A,CPA6,IFIH1,MAL,SMAD6,ADORA3,HIST1H2BD,ADGRL4,SIGLEC8,GPR149,HBA1,SLC9A3R1,KLF15,NOTCH1,NXPH2,RNH1,RNF166]"
27,"[TNFRSF10D,STOM,LMOD1,SIX5,TIMP1,BNC2,EPS8,FAM111A,HPN-AS1,KIT,CMKLR1,SERPINB9,SASH3,ALDH1L1,PHF21B,SOX9,WNT5A,KLK6,GLUL,ZNF462,RASL12,GADD45B,SGK2,CARD18,XAF1,SH3TC2,CHST3,RHOC,EVA1B,NDE1,CD93,DUSP10,SLC7A11,TRIB1,ZFP36L1,LAMC3,APOC1,FREM2,GLI3,PREX2,GAD2,IL18R1,MIDN,A4GALT,CDH23,SLC26A7,CSF1R,GPER1,PRR18,TGFBR2,RND3,LPAR1,MLC1,APOE,FGFRL1,PLAC9,CASC17,CD44,S100A13,DDR1,KLF2,TMEM98,EMP2,SULF1,SKIL,PAPLN,APLNR,ZFP36,RBM47,LST1,FCGR2A,LINC01422,AIF1,SLCO5A1,C1QB,NACC2,DLX1,MAPKAPK3,NFAM1,SFRP1,CCDC15,NGFR,VCAN,ATF3,FRZB,HLA-DRB5,EMX2OS,FGFR3,ATP1A2,ALDH1L1-AS2,AHNAK,HMX1,PRDM16,ZFP36L2,TMEM176B,BCL2L11,GSTM5,ZFHX4-AS1,CREB3L2,SLCO1C1,IRF5,GRTP1,RHOU,MARCKSL1,FOXP2,ERG,ENTPD2,FOXC1,ARAP1,NR4A1,ID2,LIFR,DPYSL5,BHLHE41,GADD45G]"
28,"[SOAT1,PTPRM,CRIM1,NET1,ARHGEF6,GJC1,TFRC,FRYL,PBX3,GRAMD1C,ARHGAP12,SPATA6,LRRK2,ITGB1,GPR37,LRRC8D,PLEKHH2,PLAGL1,FERMT2,CPOX,CLMN,QDPR,EZH2,SMAP2,PLD1,RAP1B,RASSF8,TAB2,SERTAD2,MAP3K1,TGFBR1,SH3KBP1,ABCA6,SLC12A2,TTLL7,MTUS1,RREB1,CNTN5,NEK7,SLCO5A1,NTNG1,USP3,UGCG,PDGFC,GAS1,AFMID,CAV2,USP44,ZNF367,LRRC8C,HTATIP2,PRR16,NOX4,RNF182,BMP2K,ST3GAL6,RHOU,GRM8,KIAA1324L,ADRA1A,SH3RF1,PITPNC1,RHOBTB3,CRYBG3,APAF1,CDH20,MOBP,PCYT1B,KLHL5,AQP4-AS1,UNC5D,ERBIN,SMC4,MFHAS1,KCNMB4,NCOA3,ZNF124,EGLN3,FARP2,USP6NL,BACH1,FIGN,ZFAND6,NFKBIZ,MBP,GPM6A,GHR,TESK2,PDE8A,PDLIM5,PPP2R5A,PLAG1,DPP10,SLC25A33,GRTP1,NABP1,RNF122,AKAP13,PDE4B,GAN,SGCZ,TBC1D4,ABCA1,NFE2L2,NPC1,SLIT2,BNC2,KANSL1-AS1,LIFR,WIPF1,CUEDC1,ALK,L3MBTL4,SGMS2,LAMA1,PIP4K2A,TAL1,TRIB1,PAIP2B,FAM149A,RNF19A,ZNF521,RASSF3,RHOBTB1,BAZ1A,LPIN2,ZNF281,CPE,IVNS1ABP,RDX,INPP1,GNAI1,GULP1,CPEB2,CACHD1,LINC00472,SUSD6,FOXO1,RBMS1,GOLIM4,TMEFF2,GNB4,LPGAT1,FAM110B,NRG1,RASGEF1B,CA3-AS1,BVES,FAM107B,LRIG1,PCSK5,FNDC3B,BMP2,ATP1B3,TP53BP2,SAMD3,DOCK5,PELI1,GPD2,NAMPT,AASS,BTBD3,CNN3,FADS2,GRB2,PIEZO2,PLCL1,PROX1-AS1,UACA,CHRM2,PROX1,ITPR2,EPB41L4A,LINC00271,ZFHX3,ZFYVE16,ZNF652,THSD7B,SALL3,CDK19,NDNF,PLSCR4,DLG1,TLE1,PHLDB2,C1GALT1,ARAP2,LEPR,FAM114A1,APBB2,PLPP1,RBP7,LYN,RCBTB1,TOX,PPARA,FOXN2,DTNA,PPARG,ELOVL5,PLS3-AS1,SEMA5A,IFT80,ZNF804A,NCK2,SLC16A9,PLS3,RHBDD1,MID1IP1,SYNE2,LINC00863,OCLN,KCNH8,ZBTB37,NR4A2,VEGFC,ETS1,UST,SOCS6,MEF2A,NHS,FZD5,ANXA4,MYO1B,CCDC50,RGS6,PLAC8,SLC22A23,MAP7,DACH1,MGAT4A,EML4,INPP4B,P4HA1,ZFP36L2,GRID2,MITF,RIMKLB,KAT2B,EDNRA,CHD7,SRGAP2-AS1,GLIS3,EPB41L2,TMCC2,YES1,DOCK10,LUZP2,COBLL1,RAP1A,STK3,GPC6,B3GNT5,RHOB,SLC4A4,CFL2,GALNTL6,DPYSL5]"
29,"[SLCO1A2,ZIC1,C1QL1,PON2,PLPP3,IRF8,PLEKHO2,ACSS1,GPIHBP1,SPP1,ZCCHC24,OPALIN,HSPA2,CLEC7A,SOX2,LRP4,APOE,PLEKHB1,FCGR1B,SOCS3,PLLP,S1PR1,S100B,MYRF,MAF,CCL2,MT1X,PMP2,MS4A7,HLA-DRA,CD9,PDK4,YES1,FCGR3A,NDRG2,ICOSLG,TNFSF13,MT1E,CNDP1,ASPA,SOX21,CR1,VIM,FGFR3,TSC22D4,PLPP2,PAPLN,HTRA1,TMC6,ALOX5AP,GIMAP7,PTGDS,ZFP36L2,PI16,ZFP36L1,TNRC6C-AS1,GAL3ST4,SFRP1,FA2H,NKX2-2,PRR18,PVALB,SUSD3,GAREM2,BST2,TYMS,S100A11,GLUL,SRGN,TLR3,LRP10,TTYH2,RGCC,CA2,NKX6-2,METTL7A,MYO15B,MAL,TUBB2B,F3,ACSBG1,GAD2,SLC13A5,SERPINA1,TMEM176B,PLP1,ERBB3,BCAS1,ZIC5,STAB1,NUPR1,TAL1,IFITM3,OLIG2,LFNG,CLDN11,DAAM2,IL13RA1,HOMER3,GPR37L1,LINC00463,KCNJ10,CAHM,SALL1,CST3,ALDH1L1-AS2,CD74,EMX2OS,GJB1,CLDN10,SLC43A3,EFHD1,PREX2,NTSR2,LGALS3,GGT5]"
30,"[DOCK10,PARD3,RGS20,IL33,SLA,TG,SLC7A2,MEPE,PP2D1,HMCN1,PRKX,C3,SLC1A5,S100A8,PRELP,SFT2D2]"
31,"[DACH1,GAS2L3,CDC14A,KLHL1,KLHL13,CDCA7L,THSD7B,PLD5,ADD3-AS1,PRRG4,FRAS1,LRRC3B,CDH20,PDLIM5,CDH6,SAMD3,FAM126A,NRG1,RCBTB2,MIR17HG,TMEFF2,KANK1,CNKSR3,NPNT,TRPC4,NR2F2,SGCZ,TOX,SLC16A9,SPOCK3,FRYL,STARD4,LRIG1,EDNRA,EDIL3]"
32,"[TULP3,PWWP2A,PRKG1,SATB1-AS1,VEZF1,RHOBTB3,RBPJ]"
33,"[ELL2,EPB41L2,RNF19A,SERTAD2,GNA13,ZNF516,RTTN,NBPF14,MRC2,BACH1,ITGB1,CENPE,KCNE3,APBB1IP]"
34,"[NPAS4,CLIC1,FLVCR2]"
35,"[GALNT6,KCNMB2,MYT1,UTY,B4GALT1,VWA3B,DEPDC7,NOS1,ZNF608]"
36,"[GIMAP2,PCAT19,SOX13,RARRES2,CTDSP1,LINC01344,SLC40A1,ICOSLG,TGIF2,CRNDE,ARHGAP6,FKBP10,SALL3,INHBB,EMX2OS,TUBB2B,APLN,HSPA2,STAT5A,SLC25A18,PHYHD1,PRKY,PIEZO1]"
37,"[ALDH1L1,FOXC1,UCP2,SOX18,PARVG,SOX21,RGS10,ALDH1L1-AS2,RBM47]"
38,"[APOE,IFITM3,ID3,TMEM63A,IGFBP7,MAF,BCAS1,EZR,SDC4,CMTM5,S100A9,TTYH2,PLP1,RAB34,PTGDS,S100A13,NTSR2,RAB13,COL9A2,CDC42EP1,ACSS1,ZFP36L1,AEBP1,RGS16,MLC1,GJA1,DLX1,PI16,MAG,ACSBG1,TSC22D4,MT1X,SALL1,HBB,GPRC5B,ZIC2,NKX2-2,TRIP6,EMX2,STAT5A,EMX2OS,CST3,FAM107B,TMEM125,FGFR3,ZFP36,C1QL1,DDR1,APLNR,STON2,NDRG2,LAMB2,TUBB2B,ALDH1L1,SYTL4,SLC14A1,RHOC,S1PR1,SLC1A3,SLCO1C1,TSPO,TMEM176B,SNX22,HIF3A,TMC6,DOCK1,DCN,AQP4,FBLN1,SMIM5,COL4A5,APLN,PAX6,SOCS3,CD74,SLCO1A2,SRGN,LFNG,SLC38A3,LPAR1,SOX2,SFRP1,PLEKHB1,SIGLEC9,GJB6,APOC2,RGR,APOC1,FGF11,GAD1,CSF1,CLDN5,EML3,ATP1A2,RARRES2,CD22,LINC00899,SLC45A3,CNDP1,TXNIP,AIF1,EVA1B,MOG,RGL3,PLPP3,MYL9,APCDD1,TAGLN2,LST1,LINC01608,GPRC5C,LYL1,HTR2C,TMEM255A,FLVCR2,IP6K3,GAREM2,COL9A1,TINAGL1,ATP1B2,THSD7A,PELI1]"
39,"[PRCD,HTR7,PHLDB1,ELOVL1,NKAIN1,CD82,LMCD1-AS1,MICALL2,SH3BP2,NDUFA4L2,CARD18]"
40,"[ERICH1,F13A1,TPRN,SIRT2,HSD17B7,EVI5L,HMGCS1,MCAM,C5,LMCD1-AS1,ACAT2,PPARD,TBC1D14,VMP1,COLGALT1,INSIG1,GNG7,DHCR7,LIMS1,PRDM11,RAB11B-AS1,MAGT1,WWP2,NCK2]"
41,"[STAT5A,CLEC7A,SLC1A3,CDC42EP1,NKX6-2,PLPP3,S1PR1,SALL3,LFNG,LDLR,EMILIN1,MT1E,GPIHBP1,RGCC,BCL6,BATF3,ANK1,COL5A2,DNM3OS,RND3]"
42,"[FES,ROBO3,SLC38A5,RASSF4,NAGA,HIP1R,ESAM,ABCA2,TAGLN,SH3BP1,IFIT2,RFC1,FDPS,PAIP2B,TTYH1,NDUFS7,CNPY3,SFTPC,ARAP1,EFNA1,LLGL1,HILPDA,C11orf71,TALDO1,LINC01159,SHROOM1,GAMT,DOK1,PROCA1,LINC01137,C1orf162,TRMT1,PABPC4,EMC10,SCARA3,MOB3C,ARHGAP4,COLGALT1,PTH1R,DTHD1,C1R,SAMD9L,MUSTN1,COL9A3,SHMT1,OTOF,MMAB,CNTN2,FCHO1,ACSM5,GSTM2,TNS1,DSEL,GRN,C5AR2,QDPR,TAP1,CSPG4,CADM4,CLUL1,SASH3]"
43,"[GULP1,EPB41L2,GALNTL6,ROBO1,ZNF804A,PLCB4,PLEKHA2,GALNT13,KIF13B,LIFR,SLC4A4,INPP4B,DSE,EPHA6]"
44,"[ICAM2,PIEZO1,PPP1R3B,IRAK3,GIMAP8,UHRF1,LUCAT1,SGK2]"
45,"[ACTL6A,IFIT2,RNF182,CTSC,JAM2,CFL2,CEBPD,DOK3,CPNE2,MYLIP,RAB3IP,ROBO3,C12orf75,SVIP,LMO2,KCNAB1,ZFAND6,BHLHE41,CNDP2,IRF9,ISG15,INPPL1,TFRC,PRKY,GNA13,SLC38A11,PTPRZ1,GPM6A,FAM126A,ATP1B3,HIP1R,FTH1,CD93]"
46,"[SPP1,GJB1,TXNIP,NDRG2,S100A1,PLPP3,CMTM5,MLC1,PVALB,S100A13,GPRC5B,SEMA3B,FCGR3A,EFHD1,VSIG4,APCDD1,GFAP,AQP4,LYL1,APOE,PLP1,SIGLEC9,C3,HBB,S100A16,RAB13,SLC7A10,HOMER3,TRIP6,GJB6,TNNT1,ZIC1,CX3CR1,CD22,EZR,MAG,HIF3A,COLEC12,MOG,LAMB2,ATP1A2,SRGN,CSF1,RTKN,SLCO1A2,DCN,BTBD17,SMIM6,SLC45A3,GPRC5C,FBLN1,OTOF,ITGAX,COL4A5,RASL12,APLN,AEBP1,OPLAH,RASSF2,RAB34,LST1,SMIM5,RHOC,CD300A,TSC22D4,RARRES2,AXL,XAF1,DDR1,PTN]"
47,"[GLRA1,RNF122,CD40,CDNF,FYCO1,AKAP3,PCYT1B-AS1,IFITM3]"
48,"[IL18R1,PLAC9,CASP10,SLC26A7,PI15,SAMSN1,ABI3BP,PTCSC3,LINC01411,GIMAP2,CASC17,PCDH15,C4orf19,OSMR-AS1,CXorf21,DENND2C,TMEM255A,EPSTI1,TINAGL1,LHCGR,TNFSF10,SELPLG]"
49,"[TLR7,ASIC4,SYTL4,TMEM255A,IL21R,ERG,RFX4,APLNR]"
50,"[CEACAM21,IL18R1,EDA2R,S100A8,LEF1]"
51,"[PCA3,MYO16,ZNF813,ERAP2,SIGIRR]"
